{
  "boarding": {
    "mae": 2.3156810946794093,
    "rmse": 3.536854038204139,
    "r2": 0.7659353534355192,
    "mape": 31.684216335282827
  },
  "alighting": {
    "mae": 1.8440562249643775,
    "rmse": 2.7918114579137487,
    "r2": 0.7336623101422748,
    "mape": 35.16862370726201
  },
  "feature_importance": {
    "stop_id": {
      "boarding": 0.1067827560042678,
      "alighting": 0.10101738576906516
    },
    "hour": {
      "boarding": 0.07484580880563345,
      "alighting": 0.07352234035338438
    },
    "day_of_week": {
      "boarding": 0.04684212220721672,
      "alighting": 0.047423797530569425
    },
    "is_peak_hour": {
      "boarding": 0.1034497550484769,
      "alighting": 0.10635699447177693
    },
    "current_occupancy": {
      "boarding": 0.02219328621946301,
      "alighting": 0.026500171398106624
    },
    "stop_sequence": {
      "boarding": 0.10934600053022484,
      "alighting": 0.10929174501233982
    },
    "historical_avg": {
      "boarding": 0.5365402711847174,
      "alighting": 0.5358875654647577
    }
  }
}