{
  "boarding": {
    "mae": 2.37708695304677,
    "rmse": 3.7484229997042466,
    "r2": 0.7671665820284641,
    "mape": 31.306418662425138
  },
  "alighting": {
    "mae": 1.8906550689827721,
    "rmse": 2.918116285083537,
    "r2": 0.7143516053062939,
    "mape": 35.49008315618315
  },
  "feature_importance": {
    "stop_id": {
      "boarding": 0.10644965890588337,
      "alighting": 0.0943530435232724
    },
    "hour": {
      "boarding": 0.08067581568557823,
      "alighting": 0.08148122323252163
    },
    "day_of_week": {
      "boarding": 0.05185013681750543,
      "alighting": 0.0561531028921476
    },
    "is_peak_hour": {
      "boarding": 0.1002298032971003,
      "alighting": 0.09607853190089141
    },
    "current_occupancy": {
      "boarding": 0.04996985351764599,
      "alighting": 0.06696385463329703
    },
    "stop_sequence": {
      "boarding": 0.10460293504462864,
      "alighting": 0.0972078237476848
    },
    "historical_avg": {
      "boarding": 0.506221796731658,
      "alighting": 0.5077624200701852
    }
  }
}